{"cameraMode":{"drawMode":0,"name":"Shaded","section":"Shading Mode"},"sceneLighting":true,"audioPlay":false,"sceneViewState":{"showFog":true,"showMaterialUpdate":false,"showSkybox":true,"showFlares":true,"showImageEffects":true,"showParticleSystems":true},"in2DMode":false,"pivot":{"x":-0.6945137977600098,"y":2.5838141441345217,"z":1.005722999572754},"rotation":{"x":0.04428700730204582,"y":-0.3034958243370056,"z":0.01412284653633833,"w":0.9516982436180115},"size":13.281394004821778,"orthographic":false}