{"cameraMode":{"drawMode":0,"name":"Shaded","section":"Shading Mode"},"sceneLighting":true,"audioPlay":false,"sceneViewState":{"showFog":true,"showMaterialUpdate":false,"showSkybox":true,"showFlares":true,"showImageEffects":true,"showParticleSystems":true},"in2DMode":false,"pivot":{"x":0.0,"y":-0.10755348205566406,"z":-0.15211087465286256},"rotation":{"x":0.04344681277871132,"y":-0.04314975067973137,"z":0.0018780126702040434,"w":0.9981217384338379},"size":15.511707305908204,"orthographic":false}